{
    "loss": 3.0620224475860596,
    "accuracy": 0.9232847094535828
}